Club,Werder Bremen,bremen,die werderaner,die grün-weißen,die grün weißen
Club,FC Augsburg,augsburg,fuggerstädter
Club,VfL Wolfsburg,wolfsburg,die wölfe
Club,Borussia Dortmund,dortmund,bvb,die schwarzgelben
Club,1. FSV Mainz 05,mainz,mainz 05,die nullfünfer,karnevalsverein
Club,Eintracht Frankfurt,eintr. frankfurt,eintr frankfurt,frankfurt,die adler,sge,launische diva
Club,FC Schalke 04,schalke,s04,die königsblauen,die knappen
Club,Hamburger SV,hsv,hamburg,die rothosen,der dino
Club,FC Ingolstadt 04,ingolstadt,die schanzer
Club,1. FC Köln,köln,koln,fc cologne,cologne,die geißböcke
Club,SV Darmstadt 98,darmstadt,die lilien
Club,Bor. Mönchengladbach,borussia mönchengladbach,m'gladbach,mönchengladbach,gladbach,die fohlen,die borussen
Club,Bayer Leverkusen,leverkusen,bayer 04 leverkusen,bayer
Club,Hertha BSC,hertha,hertha berliner,die alte dame,die blau-weißen
Club,SC Freiburg,freiburg,breisgau-brasilianer,breisgau brasilianer
Club,TSG 1899 Hoffenheim,hoffenheim
Club,Red Bull Leipzig,rb leipzig,die bullen,die roten bullen,leipzig
Club,FC Bayern München,bayern,bayern münchen,bayern munich,munich,die bayern,die roten,der fcb,stern des südens
