Club,Aston Villa FC,aston villa,villa,villans,the villans,the claret and blue army
Club,Barnsley FC,barnsley,tykes,super reds,colliers
Club,Birmingham City,birmingham city,birmingham,blues
Club,Blackburn Rovers FC,blackburn rovers,blackburn,rovers,riversiders
Club,Brentford FC,brentford,bees
Club,Brighton and Hove Albion FC,brighton and hove albion,brighton,seagulls,
Club,Bristol City,bristol city,bristol,robins
Club,Burton Albion FC,burton albion,burton,brewers
Club,Cardiff City FC,cardiff city,cardiff,bluebirds
Club,Derby County,derby county,derby,county,rams
Club,Fulham FC,fulham,cottagers,the black and white army,fulhamerica
Club,Huddersfield Town,huddersfield town,huddersfield,terriers
Club,Ipswich Town,ipswich town,ipswich,tractor boys
Club,Leeds United,leeds united,leeds,peacocks
Club,Newcastle United FC,newcastle united,newcastle,magpies,geordies,toon,toon army
Club,Norwich City FC,norwich city,norwich,canaries,yellows
Club,Nottingham Forest,nottingham forest,nottingham,forest,tricky trees
Club,Preston North End,preston north end,preston,north end,preston
Club,Queens Park Rangers,queens park rangers,qpr,hoops,the rs
Club,Reading,reading,royals
Club,Rotherham United,rotherham united,rotherham,millers
Club,Sheffield Wednesday,sheffield wednesday,sheffield,wednesday,owls
Club,Wigan Athletic FC,wigan athletic,wigan,latics,tics
Club,Wolverhampton Wanderers FC,wolverhampton wanderers,wanderers,wolves
