Club,Manchester United FC,manchester united,man utd,manchester utd,man united,mancs,united,manu,manure
Club,Arsenal FC,arsenal,arse,the arse,gunners,gooners
Club,Stoke City FC,stoke,stoke city,the potters,potters
Club,Leicester City FC,leicester,leicester city,the foxes,foxes
Club,Tottenham Hotspur FC,tottenham hotspur,tottenham,spurs,lilywhites,the lilywhites
Club,AFC Bournemouth,bournemouth,cherries,boscombe,the cherries
Club,Middlesbrough FC,boro,smoggies,middlesborough,borough
Club,Everton FC,everton,the toffees,toffees,the school of science
Club,Watford FC,watford,the hornets,hornets
Club,Sunderland AFC,sunderland,the black cats,black cats,mackems
Club,Burnley FC,burnley,clarets
Club,Crystal Palace FC,crystal palace,palace,the eagles,the glaziers,eagles,glaziers
Club,Chelsea FC,chelsea,the blues,blues,the pensioners,pensioners
Club,Swansea City FC,swansea city,swansea,the swans,swans
Club,Hull City FC,hull,tigers,hull city
Club,Southampton FC,southampton,the saints,saints
Club,West Ham United FC,west ham united,west ham utd,west ham,the irons,the hammers,hammers,irons,mighty irons
Club,Liverpool FC,liverpool,the reds,reds,scousers
Club,West Bromwich Albion FC,west bromwich albion,west bromwich,west brom,the baggies,baggies,albion,the albion
Club,Manchester City FC,manchester city,man city fc,man city,city,the sky blues,sky blues
Club,MyTeam,us,our,we
Club,OtherTeam,them,their,they
