Club,FC Barcelona,barcelona,barca,barça,blaugrana,barce
Club,Real Madrid CF,real madrid,madrid,blancos,merengues,vikingos,whites,vikings
Club,Málaga CF,málaga,malaga,boquerones,anchovies,the anchovies,albicelestes
Club,CA Osasuna,osasuna,los rojillos,gorritxoak
Club,RC Deportivo La Coruna,rc deportivo la coruña,deportivo la coruña,deportivo la coruna,coruna,branquiazuis,deportivo,depor,turcos,the turks,super depor
Club,SD Eibar,eibar,armagiñak,armaginak,los armeros
Club,Real Betis,betis,béticos,beticos,los verdiblancos,el glorioso,the glorious
Club,Granada CF,granada,nazaríes,nazaries,nasrids,the nasrids,el graná,e1 grana,el 5001,filipinos
Club,Villarreal CF,villarreal,el submarino amarillo,the yellow submarine,yellow submarine
Club,Sevilla FC,sevilla,sevillistas,los rojiblancos,los nervionenses,the ones from nervion,el grande de andalucia,the great of andalusia
Club,RCD Espanyol,espanyol,periquitos,budgerigars,the budgerigars,blanquiazules,mágico,magico,magical
Club,Sporting Gijón,gijón,gijon,sporting gijon,real sporting,sporting
Club,Athletic Club,athletic,athletic bilbao,bilbao,los leones,lehoiak,zuri-gorriak
Club,Real Sociedad de Fútbol,real sociedad,txuriurdin,errela,la real,
Club,Club Atlético de Madrid,atlético,atlético madrid,atletico,atletico madrid,atléti,atleti,los colchoneros,the mattressers,rojiblancos
Club,Deportivo Alavés,alavés,alaves,alavesmbabazorros,el glorioso,the glorious one
Club,RC Celta de Vigo,celta vigo,celta,os célticos,the celts,the celtics,os celestes,celtiña,celta
Club,CD Leganes,leganes,leganés,lega,pepineros,cucumber growers
Club,Valencia CF,valencia,os che,els taronges,the oranges,valencianistes,los murcielagos,the bats
Club,UD Las Palmas,las palmas,los amarillos
